name,rock_type,age,row,col,dist_known_fault_px
nan,Basalt,nan,401,2334,19.8
nan,Basalt,nan,398,2340,22.2
nan,Basalt,nan,385,2358,12.17
nan,Basalt,nan,370,2336,6.4
nan,Basalt,nan,422,2340,17.72
nan,Basalt,nan,423,2315,35.13
nan,Basalt,nan,437,2299,52.55
nan,Basalt,nan,432,2314,44.18
nan,Basalt,nan,446,2300,60.73
nan,Basalt,nan,471,2282,86.68
nan,Basalt,nan,1318,952,5.0
nan,Basalt,nan,1329,947,3.61
nan,Basalt,nan,1209,1010,11.0
nan,Basalt,nan,1182,1022,6.0
nan,Rhyolite,nan,1505,390,4.12
nan,Basalt,nan,3226,2006,57.45
nan,Basalt,nan,1419,419,48.76
nan,Basalt,nan,1401,416,36.07
nan,Basalt,nan,1410,385,55.46
nan,Basalt,nan,3026,1865,83.65
nan,Basalt,nan,2964,1604,8.06
