time,latitude,longitude,depth,mag,magType,nst,gap,dmin,rms,net,id,updated,place,type,horizontalError,depthError,magError,magNst,status,locationSource,magSource
1906-04-20T04:15:00.000Z,39.6,-119.3,,4.3,ml,,,,,cdmg,cdmg19060420041500000,2024-09-06T00:10:49.267Z,"Near Fernley, Nevada",earthquake,,,,,reviewed,cdmg,cdmg
1910-05-06T16:40:00.000Z,37.33,-118.42,,6,ml,,,,,ushis,ushis503,2025-07-20T23:28:52.461Z,"Near Bishop, California",earthquake,,,,,reviewed,ushis,cdmg
1910-11-07T17:20:00.000Z,37.5,-117,,5.5,mint,,,,,ushis,ushis513,2025-07-31T23:14:48.990Z,"Near Goldfield, Nevada",earthquake,,,,,reviewed,ushis,nn
1910-11-19T02:25:00.000Z,38,-118,,5.5,mint,,,,,ushis,ushis514,2025-07-31T23:41:22.862Z,"Near Tonopah Junction, Nevada",earthquake,,,,,reviewed,ushis,nn
1910-11-21T23:23:00.000Z,38,-118,,6.1,mint,,,,,ushis,ushis515,2025-08-01T22:24:38.558Z,"Near Tonopah Junction, Nevada",earthquake,,,,,reviewed,ushis,nn
1910-11-22T00:30:00.000Z,38,-118,,5,mint,,,,,official,official19101122003000000,2025-08-01T22:49:03.797Z,"Near Tonopah Junction, Nevada",earthquake,,,,,reviewed,official,official
1910-11-22T06:05:00.000Z,38,-118,,5.5,mint,,,,,ushis,ushis516,2025-08-01T23:14:47.293Z,"Near Tonopah Junction, Nevada",earthquake,,,,,reviewed,ushis,nn
1912-01-05T03:52:00.000Z,37.33,-118.42,,5.5,ml,,,,,ushis,ushis528,2025-08-24T00:23:29.525Z,"4 km SSW of Bishop, California",earthquake,,,,,reviewed,ushis,cdmg
1914-02-18T18:17:00.000Z,39.5,-119.8,,6,mfa,,,,,ushis,ushis556,2026-01-30T09:30:07.063Z,"Near Reno, Nevada",earthquake,,,,,reviewed,ushis,sjg
1914-04-24T08:34:00.000Z,39.52,-119.35,,6.4,mfa,,,,,nn,nn19140424083400000,2026-01-31T10:09:58.538Z,"Near Fernley, Nevada",earthquake,,,,,reviewed,nn,nn
1915-04-05T21:40:00.000Z,38.6,-119.5,,4.5,ml,,,,,cdmg,cdmg19150405214000000,2026-03-12T08:22:33.269Z,"Near Coleville, California",earthquake,,,,,reviewed,cdmg,cdmg
1915-04-05T23:11:00.000Z,38.58,-119.5,,5,ml,,,,,ushis,ushis568,2026-03-12T08:48:36.672Z,"Near Coleville, California",earthquake,0,,,,reviewed,ushis,cdmg
1915-10-03T01:49:00.000Z,40.5,-117.5,,6,mw,,,,,ushis,ushis576,2026-03-14T10:13:59.409Z,"Pleasant Valley, Nevada (Foreshock)",earthquake,0,,,,reviewed,ushis,iscgem
1915-10-03T06:53:21.210Z,40.269,-117.584,10,6.8,mw,,,,,iscgem,iscgem913944,2026-08-11T23:32:52.162Z,"The 1915 Pleasant Valley, Nevada Earthquake",earthquake,,3.9,0.3,,reviewed,iscgem,iscgem
1917-04-11T18:59:55.000Z,40,-118,,5.1,ml,,,,,ushis,ushis611,2026-06-23T00:11:04.403Z,Western Nevada,earthquake,0,,,,reviewed,ushis,sjg
1919-12-19T13:58:13.000Z,38.3,-119.5,,5.2,ml,,,,,ushis,ushis655,2018-06-04T20:43:44.000Z,"23 km S of Walker, California",earthquake,,,,,reviewed,ushis,sjg
1925-08-21T11:13:57.000Z,38,-118.3,,4.8,ml,,,,,ushis,ushis729,2018-06-04T20:43:44.000Z,"25 km NE of Benton, California",earthquake,,,,,reviewed,ushis,sjg
1927-09-18T02:07:11.220Z,37.715,-118.926,15,5.86,mw,,,,,iscgem,iscgem909524,2022-04-25T23:09:50.441Z,"8 km NNE of Mammoth Lakes, California",earthquake,,5.1,0.2,,reviewed,iscgem,iscgem
1928-03-26T16:26:07.000Z,38.3,-117.5,,4.7,ml,,,,,ushis,ushis782,2018-06-04T20:43:44.000Z,"35 km NW of Tonopah, Nevada",earthquake,,,,,reviewed,ushis,sjg
1928-04-17T10:39:15.000Z,39.5,-119.83,,4.5,ml,,,,,ushis,ushis784,2018-06-04T20:43:44.000Z,"3 km SSW of Reno, Nevada",earthquake,,,,,reviewed,ushis,sjg
1930-04-09T21:56:47.000Z,39.25,-120,,4.3,ml,,,,,ushis,ushis840,2018-06-04T20:43:44.000Z,"2 km W of Incline Village, Nevada",earthquake,,,,,reviewed,ushis,sjg
1930-04-12T12:56:40.000Z,39.25,-119.17,,4.5,ml,,,,,ushis,ushis841,2018-06-04T20:43:44.000Z,"18 km SSE of Silver Springs, Nevada",earthquake,,,,,reviewed,ushis,sjg
1932-05-22T08:16:55.860Z,37.4048333,-117.4666667,6,4.1,ml,4,297,0.7027,0.2,ci,ci3359016,2016-01-27T18:34:00.260Z,"77km SSW of Tonopah, NV",earthquake,1.16,31.61,0.148,12,reviewed,ci,ci
1932-10-25T03:28:00.000Z,37.333,-118.666,16,4.5,ml,,,,,ushis,ushis913,2018-06-04T20:43:44.000Z,"11 km SW of Round Valley, California",earthquake,,,,,reviewed,ushis,pas
1932-10-25T03:28:42.990Z,37.6778333,-118.2901667,6,4.3,ml,3,357,0.6243,0.25,ci,ci3359402,2016-01-27T18:38:17.710Z,"34km NNE of Dixon Lane-Meadow Creek, CA",earthquake,18.68,31.61,0.046,12,reviewed,ci,ci
